{
  "project_info": {
    "project_number": "957417579534",
    "firebase_url": "https://hostelfs.firebaseio.com",
    "project_id": "hostelfs",
    "storage_bucket": "hostelfs.appspot.com"
  },
  "client": [
    {
      "client_info": {
        "mobilesdk_app_id": "1:957417579534:android:bcd404fd2e05f83f60885f",
        "android_client_info": {
          "package_name": "com.example.hfs"
        }
      },
      "oauth_client": [
        {
          "client_id": "957417579534-vkje2trcdkue3d3iq08uga56nra0ootn.apps.googleusercontent.com",
          "client_type": 3
        }
      ],
      "api_key": [
        {
          "current_key": "AIzaSyDFkBtoO3xSx2GT3bp8wuZpmgcGDsLgF08"
        }
      ],
      "services": {
        "appinvite_service": {
          "other_platform_oauth_client": [
            {
              "client_id": "957417579534-vkje2trcdkue3d3iq08uga56nra0ootn.apps.googleusercontent.com",
              "client_type": 3
            }
          ]
        }
      }
    }
  ],
  "configuration_version": "1"
}